sr_no,log
39,NEW DAY;20230103;DAILY CHARGE;
40,UPDATE SCORE;-2440;-7440
41,COMPLETED DT2;Correct initial pull status ;
42,UPDATE SCORE;-7440;-7240
43,RT_completed;0;Open GRL;
44,UPDATE SCORE;-7240;-7230
45,TD_completed;4;Tasks done after DT will yield a random bonus from 50 to 0.1% of next level requirement ;50;
46,UPDATE SCORE;-7230;-7180
47,ET;Del;-10;
48,UPDATE SCORE;-7180;-7190
49,ET;Undo Del;10;
50,UPDATE SCORE;-7190;-7180
51,COMPLETED DT1;Add Other Tasks option;
52,UPDATE SCORE;-7180;-6880
53,NEW DAY;20230105;DAILY CHARGE;
54,UPDATE SCORE;-6880;-8880
55,COMPLETED DT2;Cryptozombie 1 module;
56,UPDATE SCORE;-8880;-8680
57,RT_completed;3;Medicine morning;
58,UPDATE SCORE;-8680;-8670
59,RT_completed;0;Open GRL;
60,UPDATE SCORE;-8670;-8660
61,RT_completed;5;Cream morning;
62,UPDATE SCORE;-8660;-8650
63,RT_completed;6;Cream evening;
64,UPDATE SCORE;-8650;-8640
65,UNDO DT2;Cryptozombie 1 module;
66,UPDATE SCORE;-8640;-8840
67,COMPLETED DT2;Cryptozombie 1 module;
68,UPDATE SCORE;-8840;-8640
69,NEW DAY;20230107;DAILY CHARGE;
70,UPDATE SCORE;-8640;-10640
71,RT_completed;5;Cream morning;
72,UPDATE SCORE;-10640;-10630
73,RT_completed;0;Open GRL;
74,UPDATE SCORE;-10630;-10620
75,RT_completed;2;Book reading 15 pages;
76,UPDATE SCORE;-10620;-10605
77,RT_completed;8;CryptoZombie;
78,UPDATE SCORE;-10605;-10595
79,ET;WALK;20230106;264;
80,UPDATE SCORE;-10595;-10331
81,ET;WALK;20230105;520;
82,UPDATE SCORE;-10331;-9811
83,COMPLETED DT3;General defeated;
84,UPDATE SCORE;-9811;-9611
85,COMPLETED DT2;Vinod cv;
86,UPDATE SCORE;-9611;-9311
87,ET;Sekiro;-300;
88,UPDATE SCORE;-9311;-9611
89,COMPLETED DT1;Score is suppose to be biggest thing;
90,UPDATE SCORE;-9611;-9111
91,RT_completed;3;Medicine morning;
92,UPDATE SCORE;-9111;-9101
93,RT_completed;6;Cream evening;
94,UPDATE SCORE;-9101;-9091
95,TD_completed;1;Add lists to GRL;869;
96,UPDATE SCORE;-9091;-8222
97,NEW DAY;20230108;DAILY CHARGE;
98,UPDATE SCORE;-8222;-9222
99,RT_completed;0;Open GRL;
100,UPDATE SCORE;-9222;-9212
101,RT_completed;3;Medicine morning;
102,UPDATE SCORE;-9212;-9202
103,ET;WALK;20230107;333;
104,UPDATE SCORE;-9202;-8869
105,RT_completed;5;Cream morning;
106,UPDATE SCORE;-8869;-8859
107,NEW DAY;20230109;DAILY CHARGE;
108,UPDATE SCORE;-8859;-9859
109,RT_completed;5;Cream morning;
110,UPDATE SCORE;-9859;-9849
111,RT_completed;0;Open GRL;
112,UPDATE SCORE;-9849;-9839
113,COMPLETED DT3;Chat Gpt;
114,UPDATE SCORE;-9839;-9639
115,RT_completed;3;Medicine morning;
116,UPDATE SCORE;-9639;-9629
117,ET;WALK;20230108;695;
118,UPDATE SCORE;-9629;-8934
119,COMPLETED DT2;Cycle;
120,UPDATE SCORE;-8934;-8634
121,COMPLETED DT1;Add task add / delete;
122,UPDATE SCORE;-8634;-8134
123,TD_ADD;DEL;
124,TD_DEL;10;DEL;
125,RT_completed;8;CryptoZombie;
126,UPDATE SCORE;-8134;-8124
127,RT_completed;6;Cream evening;
128,UPDATE SCORE;-8124;-8114
129,NEW DAY;20230110;DAILY CHARGE;
130,UPDATE SCORE;-8114;-9114
131,RT_DEL;3;Medicine morning;
132,RT_completed;3;Medicine morning;
133,UPDATE SCORE;-9114;-9104
134,RT_completed;5;Cream morning;
135,UPDATE SCORE;-9104;-9094
136,RT_completed;0;Open GRL;
137,UPDATE SCORE;-9094;-9084
138,RT_ADD;del;0;
139,RT_completed;9;del;
140,UPDATE SCORE;-9084;-9084
141,RT_UNDO;9;del;
142,UPDATE SCORE;-9084;-9084
143,RT_DEL;9;del;
144,COMPLETED DT3;Add rt;
145,UPDATE SCORE;-9084;-8884
146,TD_ADD;Buy Muprocin;
147,TD_ADD;Buy fuse 5A;
148,COMPLETED DT1;Hair cut;
149,UPDATE SCORE;-8884;-8584
150,RT_completed;6;Cream evening;
151,UPDATE SCORE;-8584;-8574
152,RT_completed;1;Varsity;
153,UPDATE SCORE;-8574;-8564
154,TD_completed;11;Buy fuse 5A;50;
155,UPDATE SCORE;-8564;-8514
156,COMPLETED DT2;Learn react;
157,UPDATE SCORE;-8514;-8014
158,TD_completed;10;Buy Muprocin;51;
159,UPDATE SCORE;-8014;-7963
160,ET;Walk;20230109;221;
161,UPDATE SCORE;-7963;-7742
162,NEW DAY;20230111;DAILY CHARGE;
163,UPDATE SCORE;-7742;-8742
164,ET;WALK;20230110;960;
165,UPDATE SCORE;-8742;-7782
166,RT_completed;0;Open GRL;
167,UPDATE SCORE;-7782;-7772
168,RT_completed;3;Medicine morning;
169,UPDATE SCORE;-7772;-7762
170,RT_completed;5;Cream morning;
171,UPDATE SCORE;-7762;-7752
172,TD_DEL;7;Hair cut;
173,RT_completed;6;Cream evening;
174,UPDATE SCORE;-7752;-7742
175,COMPLETED DT1;Scrapper;
176,UPDATE SCORE;-7742;-7542
177,NEW DAY;20230116;DAILY CHARGE;
178,UPDATE SCORE;-7542;-12542
179,NEW DAY;20230117;DAILY CHARGE;
180,UPDATE SCORE;-12542;-13542
181,NEW DAY;20230118;DAILY CHARGE;
182,UPDATE SCORE;-13542;-14542
183,RT_completed;0;Open GRL;
184,UPDATE SCORE;-14542;-14532
185,COMPLETED DT2;Data exp;
186,UPDATE SCORE;-14532;-14332
187,COMPLETED DT3;Reset Dt;
188,UPDATE SCORE;-14332;-14032
189,COMPLETED DT1;23:00;
190,UPDATE SCORE;-14032;-13532
191,RT_completed;1;Varsity;
192,UPDATE SCORE;-13532;-13522
193,RT_completed;3;Medicine morning;
194,UPDATE SCORE;-13522;-13512
195,RT_completed;5;Cream morning;
196,UPDATE SCORE;-13512;-13502
197,RT_completed;4;Medicine night;
198,UPDATE SCORE;-13502;-13492
199,RT_completed;7;Cream night;
200,UPDATE SCORE;-13492;-13482
201,ET;Walk;20230117;519;
202,UPDATE SCORE;-13482;-12963
203,ET;Walk;20230116;273;
204,UPDATE SCORE;-12963;-12690
205,NEW DAY;20230119;DAILY CHARGE;
206,UPDATE SCORE;-12690;-13690
207,RT_completed;3;Medicine morning;
208,UPDATE SCORE;-13690;-13680
209,RT_completed;5;Cream morning;
210,UPDATE SCORE;-13680;-13670
211,ET;WALK;20230118;553;
212,UPDATE SCORE;-13670;-13117
213,RT_completed;0;Open GRL;
214,UPDATE SCORE;-13117;-13107
215,RT_ADD;23:00;100;
216,NEW DAY;20230120;DAILY CHARGE;
217,UPDATE SCORE;-13107;-14107
218,NEW DAY;20230121;DAILY CHARGE;
219,UPDATE SCORE;-14107;-15107
220,NEW DAY;20230122;DAILY CHARGE;
221,UPDATE SCORE;-15107;-16107
222,COMPLETED DT1;Stat handouts x5;
223,UPDATE SCORE;-16107;-15907
224,COMPLETED DT2;Data exp;
225,UPDATE SCORE;-15907;-15607
226,COMPLETED DT3;Reset Dt;
227,UPDATE SCORE;-15607;-15107
228,RT_completed;0;Open GRL;
229,UPDATE SCORE;-15107;-15087
230,RT_completed;3;Medicine morning;
231,UPDATE SCORE;-15087;-14987
232,RT_completed;4;Medicine night;
233,UPDATE SCORE;-14987;-14887
234,RT_completed;5;Cream morning;
235,UPDATE SCORE;-14887;-14787
236,RT_completed;6;Cream evening;
237,UPDATE SCORE;-14787;-14687
238,ET;WALK;20230119;666;
239,UPDATE SCORE;-14687;-14021
240,ET;WALK;20230120;1036;
241,UPDATE SCORE;-14021;-12985
242,ET;WALK;20230121;12353;
243,UPDATE SCORE;-12985;-632
244,ET;UNDO_WALK;20230121;-12353;
245,UPDATE SCORE;-632;-12985
246,ET;WALK;20230121;1235;
247,UPDATE SCORE;-12985;-11750
248,NEW DAY;20230123;DAILY CHARGE;
249,UPDATE SCORE;-11750;-12750
250,NEW DAY;20230124;DAILY CHARGE;
251,UPDATE SCORE;-12750;-13750
252,RT_completed;5;Cream morning;
253,UPDATE SCORE;-13750;-13650
254,COMPLETED DT1;Stat handouts x5;
255,UPDATE SCORE;-13650;-13450
256,RT_completed;0;Open GRL;
257,UPDATE SCORE;-13450;-13430
258,ET;WALK;20230122;518;
259,UPDATE SCORE;-13430;-12912
260,ET;WALK;20230123;221;
261,UPDATE SCORE;-12912;-12691
262,RT_completed;3;Medicine morning;
263,UPDATE SCORE;-12691;-12591
264,TD_ADD;Extension;
265,TD_ADD;Add points feature TD;
266,COMPLETED DT3;Reset Dt Create;
267,UPDATE SCORE;-12591;-12291
268,RT_completed;6;Cream evening;
269,UPDATE SCORE;-12291;-12191
270,RT_completed;4;Medicine night;
271,UPDATE SCORE;-12191;-12091
272,TD_ADD;Increase usage;
273,RT_ADD;FRM 15 pg;300;
274,TD_ADD;Learning chunks tab;
275,TD_ADD;Walk Tab;
276,TD_ADD;Game / Watch tab;
277,COMPLETED DT2;2300;
278,UPDATE SCORE;-12091;-11591
279,TD_ADD;Complete DT in past;
280,RT_completed;9;23:00;
281,UPDATE SCORE;-11591;-11491
282,TD_DEL;17;Complete DT in past;
283,TD_ADD;Reset day with permission;
284,RT_completed;7;Cream night;
285,UPDATE SCORE;-11491;-11391
286,NEW DAY;20230125;DAILY CHARGE;
287,UPDATE SCORE;-11391;-12391
288,TD_ADD;Utc and ist stuff afterwards;
289,TD_ADD;Doctor consult;
290,RT_completed;5;Cream morning;
291,UPDATE SCORE;-12391;-12291
292,RT_completed;3;Medicine morning;
293,UPDATE SCORE;-12291;-12191
294,COMPLETED DT1;Stat handouts x5;
295,UPDATE SCORE;-12191;-11991
296,ET;Walk;20230124;310;
297,UPDATE SCORE;-11991;-11681
298,RT_completed;4;Medicine night;
299,UPDATE SCORE;-11681;-11581
300,RT_completed;0;Open GRL;
301,UPDATE SCORE;-11581;-11561
302,RT_completed;10;FRM 15 pg;
303,UPDATE SCORE;-11561;-11261
304,COMPLETED DT3;Push Dt Create;
305,UPDATE SCORE;-11261;-10961
306,TD_ADD;Pin GRL on homepage;
307,TD_ADD;Completed to do visibility limited;
308,UNDO DT1;Stat handouts x5;
309,UPDATE SCORE;-10961;-11261
310,COMPLETED DT1;Stat handouts x5;
311,UPDATE SCORE;-11261;-10961
312,COMPLETED DT2;2300;
313,UPDATE SCORE;-10961;-10461
314,TD_completed;20;Pin GRL on homepage;334;
315,UPDATE SCORE;-10461;-10127
316,TD_completed;2;Add convienience buttons in GRL;378;
317,UPDATE SCORE;-10127;-9749
318,RT_DEL;8;CryptoZombie;
319,RT_completed;8;23:00;
320,UPDATE SCORE;-9749;-9649
321,RT_completed;7;Cream night;
322,UPDATE SCORE;-9649;-9549
323,"TD_ADD;Add something in GRL for removing responsibility, lazing, curiosity;"
324,TD_ADD;Add multiple tasks together or voice integration;
325,NEW DAY;20230126;DAILY CHARGE;
326,RESET_DT;
327,UPDATE SCORE;-9549;-10549
328,COMPLETED DT1;Add Daily Task;
329,UPDATE SCORE;-10549;-10349
330,UNDO DT1;Add Daily Task;
331,UPDATE SCORE;-10349;-10549
332,NEW DAY;20230128;DAILY CHARGE;
333,RESET_DT;
334,TD_ADD;Add Daily Task;
335,TD_ADD;Add Daily Task;
336,TD_ADD;Add Daily Task;
337,UPDATE SCORE;-10549;-12549
338,ET;Fever x3;1500;
339,UPDATE SCORE;-12549;-11049
340,TD_DEL;24;Add Daily Task;
341,TD_DEL;24;Add Daily Task;
342,TD_DEL;24;Add Daily Task;
343,"TD_ADD;""Add daily task"" gets shifted to to do BUG;"
344,RT_completed;0;Open GRL;
345,UPDATE SCORE;-11049;-11029
346,ET;Walk;20230126;725;
347,UPDATE SCORE;-11029;-10304
348,ET;Walk;20230127;323;
349,UPDATE SCORE;-10304;-9981
350,NEW DAY;20230130;DAILY CHARGE;
351,RESET_DT;
352,TD_ADD;Add Daily Task;
353,TD_ADD;Add Daily Task;
354,TD_ADD;Add Daily Task;
355,UPDATE SCORE;-9981;-11981
356,NEW DAY;20230131;DAILY CHARGE;
357,RESET_DT;
358,TD_ADD;Add Daily Task;
359,TD_ADD;Add Daily Task;
360,TD_ADD;Add Daily Task;
361,UPDATE SCORE;-11981;-12981
362,TD_DEL;30;Add Daily Task;
363,TD_DEL;27;Add Daily Task;
364,TD_DEL;28;Add Daily Task;
365,TD_DEL;26;Add Daily Task;
366,TD_DEL;26;Add Daily Task;
367,TD_DEL;25;Add Daily Task;
368,ET;Fever x3;1500;
369,UPDATE SCORE;-12981;-11481
370,ET;Fever x3;1500;
371,UPDATE SCORE;-11481;-9981
372,ET;Walk;20230130;208;
373,UPDATE SCORE;-9981;-9773
374,RT_completed;0;Open GRL;
375,UPDATE SCORE;-9773;-9753
376,RT_completed;8;23:00;
377,UPDATE SCORE;-9753;-9653
378,NEW DAY;20230204;DAILY CHARGE;
379,RESET_DT;
380,UPDATE SCORE;-9653;-13653
381,ET;Fever x5;2500;
382,UPDATE SCORE;-13653;-11153
383,RT_completed;0;Open GRL;
384,UPDATE SCORE;-11153;-11133
385,TD_ADD;Refill paper soap;
386,TD_ADD;Trimmer charge;
387,TD_ADD;We need some semi formal attire;
388,TD_ADD;We need some semi formal attire;
389,NEW DAY;20230205;DAILY CHARGE;
390,RESET_DT;
391,UPDATE SCORE;-11133;-12133
392,TD_DEL;28;We need some semi formal attire;
393,RT_completed;0;Open GRL;
394,UPDATE SCORE;-12133;-12113
395,COMPLETED DT1;Add Daily Task;
396,UPDATE SCORE;-12113;-11913
397,ET;Walk;20230205;2115;
398,UPDATE SCORE;-11913;-9798
399,ET;Walk;20230204;219;
400,UPDATE SCORE;-9798;-9579
401,RT_completed;1;Varsity;
402,UPDATE SCORE;-9579;-9529
403,COMPLETED DT3;Add Daily Task;
404,UPDATE SCORE;-9529;-9229
405,NEW DAY;20230209;DAILY CHARGE;
406,RESET_DT;
407,TD_ADD;Add Daily Task;
408,UPDATE SCORE;-9229;-13229
409,ET;Wed x5;2500;
410,UPDATE SCORE;-13229;-10729
411,ET;Wed x1;500;
412,UPDATE SCORE;-10729;-10229
413,TD_DEL;28;Add Daily Task;
414,RT_completed;0;Open GRL;
415,UPDATE SCORE;-10229;-10209
416,NEW DAY;20230210;DAILY CHARGE;
417,RESET_DT;
418,TD_ADD;Add Daily Task;
419,TD_ADD;Add Daily Task;
420,TD_ADD;Add Daily Task;
421,UPDATE SCORE;-10209;-11209
422,ET;Walk;20230207;1200;
423,UPDATE SCORE;-11209;-10009
424,ET;Walk;20230208;1216;
425,UPDATE SCORE;-10009;-8793
426,ET;Walk;20230209;1207;
427,UPDATE SCORE;-8793;-7586
428,RT_completed;0;Open GRL;
429,UPDATE SCORE;-7586;-7566
430,ET;Walk;20230210;931;
431,UPDATE SCORE;-7566;-6635
432,TD_DEL;28;Add Daily Task;
433,TD_DEL;29;Add Daily Task;
434,TD_DEL;28;Add Daily Task;
435,NEW DAY;20230211;DAILY CHARGE;
436,RESET_DT;
437,TD_ADD;Add Daily Task;
438,TD_ADD;Add Daily Task;
439,TD_ADD;Add Daily Task;
440,UPDATE SCORE;-6635;-7635
441,NEW DAY;20230212;DAILY CHARGE;
442,RESET_DT;
443,TD_ADD;Add Daily Task;
444,TD_ADD;Add Daily Task;
445,TD_ADD;Add Daily Task;
446,UPDATE SCORE;-7635;-8635
447,TD_DEL;33;Add Daily Task;
448,TD_DEL;32;Add Daily Task;
449,TD_DEL;30;Add Daily Task;
450,TD_DEL;30;Add Daily Task;
451,TD_DEL;29;Add Daily Task;
452,TD_DEL;28;Add Daily Task;
453,TD_DEL;19;Doctor consult;
454,RT_completed;0;Open GRL;
455,UPDATE SCORE;-8635;-8615
456,TD_ADD;Moulic pdf x3;
457,TD_ADD;Better travelling clothes;
458,COMPLETED DT1;moulic pdf x1;
459,UPDATE SCORE;-8615;-8415
460,COMPLETED DT2;dsai x2;
461,UPDATE SCORE;-8415;-8115
462,ET;Walk;20230211;72;
463,UPDATE SCORE;-8115;-8043
464,ET;Walk;20230212;673;
465,UPDATE SCORE;-8043;-7370
466,RT_completed;7;Cream night;
467,UPDATE SCORE;-7370;-7270
468,NEW DAY;20230213;DAILY CHARGE;
469,RESET_DT;
470,TD_ADD;Add Daily Task;
471,UPDATE SCORE;-7270;-8270
472,TD_completed;25;Trimmer charge;50;
473,UPDATE SCORE;-8270;-8220
474,TD_ADD;task category so that easily handled;
475,RT_completed;0;Open GRL;
476,UPDATE SCORE;-8220;-8200
477,RT_completed;5;Cream morning;
478,UPDATE SCORE;-8200;-8100
479,COMPLETED DT1;Moulic x2;
480,UPDATE SCORE;-8100;-7900
481,COMPLETED DT3;Add daily bug;
482,UPDATE SCORE;-7900;-7600
483,NEW DAY;20230214;DAILY CHARGE;
484,RESET_DT;
485,TD_ADD;Dsai x1;
486,UPDATE SCORE;-7600;-8600
487,TD_completed;27;Moulic pdf x3;50;
488,UPDATE SCORE;-8600;-8550
489,TD_DEL;30;Dsai x1;
490,RT_completed;0;Open GRL;
491,UPDATE SCORE;-8550;-8530
492,ET;WALK;20230213;491;
493,UPDATE SCORE;-8530;-8039
494,RT_completed;5;Cream morning;
495,UPDATE SCORE;-8039;-7939
496,COMPLETED DT1;Moulic complete;
497,UPDATE SCORE;-7939;-7739
498,COMPLETED DT3;Moulic complete;
499,UPDATE SCORE;-7739;-7439
500,COMPLETED DT2;Moulic complete;
501,UPDATE SCORE;-7439;-6939
502,RT_completed;3;Medicine morning;
503,UPDATE SCORE;-6939;-6839
504,RT_completed;7;Cream night;
505,UPDATE SCORE;-6839;-6739
506,RT_completed;4;Medicine night;
507,UPDATE SCORE;-6739;-6639
508,RT_completed;8;23:00;
509,UPDATE SCORE;-6639;-6539
510,"TD_completed;23;""Add daily task"" gets shifted to to do BUG;542;"
511,UPDATE SCORE;-6539;-5997
512,NEW DAY;20230215;DAILY CHARGE;
513,RESET_DT;
514,UPDATE SCORE;-5997;-6997
515,RT_completed;0;Open GRL;
516,UPDATE SCORE;-6997;-6977
517,ET;Walk;20230214;248;
518,UPDATE SCORE;-6977;-6729
519,COMPLETED DT1;Add Daily Task;
520,UPDATE SCORE;-6729;-6529
521,COMPLETED DT2;Add Daily Task;
522,UPDATE SCORE;-6529;-6229
523,RT_completed;3;Medicine morning;
524,UPDATE SCORE;-6229;-6129
525,RT_completed;4;Medicine night;
526,UPDATE SCORE;-6129;-6029
527,RT_completed;5;Cream morning;
528,UPDATE SCORE;-6029;-5929
529,RT_completed;7;Cream night;
530,UPDATE SCORE;-5929;-5829
531,COMPLETED DT3;Add Daily Task;
532,UPDATE SCORE;-5829;-5329
533,UNDO DT3;Add Daily Task;
534,UPDATE SCORE;-5329;-5829
535,NEW DAY;20230217;DAILY CHARGE;
536,RESET_DT;
537,UPDATE SCORE;-5829;-7829
538,ET;Walk;20230216;205;
539,UPDATE SCORE;-7829;-7624
540,COMPLETED DT1;Add Daily Task;
541,UPDATE SCORE;-7624;-7424
542,COMPLETED DT3;Add Daily Task;
543,UPDATE SCORE;-7424;-7124
544,RT_completed;0;Open GRL;
545,UPDATE SCORE;-7124;-7104
546,RT_completed;3;Medicine morning;
547,UPDATE SCORE;-7104;-7004
548,RT_completed;5;Cream morning;
549,UPDATE SCORE;-7004;-6904
550,RT_completed;6;Cream evening;
551,UPDATE SCORE;-6904;-6804
552,RT_UNDO;6;Cream evening;
553,UPDATE SCORE;-6804;-6904
554,RT_completed;4;Medicine night;
555,UPDATE SCORE;-6904;-6804
556,UNDO DT1;Add Daily Task;
557,UPDATE SCORE;-6804;-7104
558,COMPLETED DT1;Add Daily Task;
559,UPDATE SCORE;-7104;-6804
560,COMPLETED DT2;Add Daily Task;
561,UPDATE SCORE;-6804;-6304
562,RT_completed;7;Cream night;
563,UPDATE SCORE;-6304;-6204
564,RT_completed;2;Book reading 15 pages;
565,UPDATE SCORE;-6204;-6054
566,NEW DAY;20230218;DAILY CHARGE;
567,RESET_DT;
568,UPDATE SCORE;-6054;-7054
569,COMPLETED DT2;ai dependable;
570,UPDATE SCORE;-7054;-6854
571,COMPLETED DT1;cloth back from laundry;
572,UPDATE SCORE;-6854;-6554
573,UNDO DT1;cloth back from laundry;
574,UPDATE SCORE;-6554;-6854
575,COMPLETED DT3;create add task to dt feature;
576,UPDATE SCORE;-6854;-6554
577,UNDO DT3;create add task to dt feature;
578,UPDATE SCORE;-6554;-6854
579,COMPLETED DT3;create add task to dt feature;
580,UPDATE SCORE;-6854;-6554
581,UNDO DT3;create add task to dt feature;
582,UPDATE SCORE;-6554;-6854
583,UNDO DT2;ai dependable;
584,UPDATE SCORE;-6854;-7054
585,RT_completed;0;Open GRL;
586,UPDATE SCORE;-7054;-7034
587,RT_completed;5;Cream morning;
588,UPDATE SCORE;-7034;-6934
589,RT_completed;7;Cream night;
590,UPDATE SCORE;-6934;-6834
591,NEW DAY;20230220;DAILY CHARGE;
592,RESET_DT;
593,TD_ADD;cloth back from laundry;
594,TD_ADD;ai dependable;
595,TD_ADD;create add task to dt feature;
596,UPDATE SCORE;-6834;-8834
597,ET;YesterdayDTs;1000;
598,UPDATE SCORE;-8834;-7834
599,NEW DAY;20230221;DAILY CHARGE;
600,RESET_DT;
601,UPDATE SCORE;-7834;-8834
602,COMPLETED DT2;Add Daily Task;
603,UPDATE SCORE;-8834;-8634
604,TD_DEL;31;ai dependable;
605,TD_DEL;30;cloth back from laundry;
606,ET;Walk;20230220;575;
607,UPDATE SCORE;-8634;-8059
608,ET;Walk;20230219;750;
609,UPDATE SCORE;-8059;-7309
610,ET;Walk;20230219;532;
611,UPDATE SCORE;-7309;-6777
612,RT_completed;0;Open GRL;
613,UPDATE SCORE;-6777;-6757
614,COMPLETED DT3;bottle x3 ;
615,UPDATE SCORE;-6757;-6457
616,COMPLETED DT1;self notes of vnc;
617,UPDATE SCORE;-6457;-5957
618,NEW DAY;20230222;DAILY CHARGE;
619,RESET_DT;
620,UPDATE SCORE;-5957;-6957
621,RT_completed;0;Open GRL;
622,UPDATE SCORE;-6957;-6937
623,RT_completed;6;Cream evening;
624,UPDATE SCORE;-6937;-6837
625,COMPLETED DT3;Add Daily Task;
626,UPDATE SCORE;-6837;-6637
627,COMPLETED DT2;Add Daily Task;
628,UPDATE SCORE;-6637;-6337
629,COMPLETED DT1;Add Daily Task;
630,UPDATE SCORE;-6337;-5837
631,ET;Walk;20230221;384;
632,UPDATE SCORE;-5837;-5453
633,TD_ADD;Wash clothes + add to do categ + vnc;
634,NEW DAY;20230223;DAILY CHARGE;
635,RESET_DT;
636,UPDATE SCORE;-5453;-6453
637,COMPLETED DT3;fnv;
638,UPDATE SCORE;-6453;-6253
639,TD_DEL;31;Wash clothes + add to do categ + vnc;
640,RT_completed;0;Open GRL;
641,UPDATE SCORE;-6253;-6233
642,RT_completed;6;Cream evening;
643,UPDATE SCORE;-6233;-6133
644,COMPLETED DT2;clothes;
645,UPDATE SCORE;-6133;-5833
646,COMPLETED DT1;Design td category;
647,UPDATE SCORE;-5833;-5333
648,ET;Walk;20230223;522;
649,UPDATE SCORE;-5333;-4811
650,RT_ADD;Breakfast;500;
651,RT_DEL;31;Breakfast;
652,RT_ADD;Breakfast;500;
653,RT_DEL;31;Breakfast;
654,TD_ADD;Recurr bug;
655,RT_ADD;Breakfast;;
656,RT_DEL;10;Breakfast;
657,RT_ADD;Breakfast;500;
658,TD_completed;31;Recurr bug;310;
659,UPDATE SCORE;-4811;-4501
660,RT_completed;7;Cream night;
661,UPDATE SCORE;-4501;-4401
662,RT_completed;8;23:00;
663,UPDATE SCORE;-4401;-4301
664,TD_ADD;Wash bedsheet;
665,NEW DAY;20230224;DAILY CHARGE;
666,RESET_DT;
667,UPDATE SCORE;-4301;-5301
668,RT_completed;0;Open GRL;
669,UPDATE SCORE;-5301;-5281
670,RT_completed;10;Breakfast;
671,UPDATE SCORE;-5281;-4781
672,COMPLETED DT3;change bedsheet;
673,UPDATE SCORE;-4781;-4581
674,WALK;20230223;499;
675,UPDATE SCORE;-4581;-4082
676,COMPLETED DT1;add walk tab;
677,UPDATE SCORE;-4082;-3782
678,COMPLETED DT2;mailbox needs to be sorted;
679,UPDATE SCORE;-3782;-3282
680,TD_ADD;Create and assign labels in gmail;
681,TD_completed;32;Wash bedsheet;312;
682,UPDATE SCORE;-3282;-2970
683,RT_completed;6;Cream evening;
684,UPDATE SCORE;-2970;-2870
685,ET;Learn;100;
686,UPDATE SCORE;-2870;-2770
687,RT_completed;4;Medicine night;
688,UPDATE SCORE;-2770;-2670
689,Learning;100;
690,UPDATE SCORE;-2670;-2570
691,RT_completed;7;Cream night;
692,UPDATE SCORE;-2570;-2470
693,NEW DAY;20230225;DAILY CHARGE;
694,RESET_DT;
695,UPDATE SCORE;-2470;-3470
696,WALK;20230224;251;
697,UPDATE SCORE;-3470;-3219
698,RT_completed;0;Open GRL;
699,UPDATE SCORE;-3219;-3199
700,TD_ADD;Sort up saved items;
701,RT_completed;10;Breakfast;
702,UPDATE SCORE;-3199;-2699
703,TD_ADD;vinod's pc reset;
704,COMPLETED DT2;Find ML competetion (look atleast 100);
705,UPDATE SCORE;-2699;-2499
706,TD_ADD;Dummy;
707,TD_DEL;36;Dummy;
708,RT_DEL;3;Medicine morning;
709,RT_DEL;4;Cream morning;
710,COMPLETED DT3;Confirmation pop up;
711,UPDATE SCORE;-2499;-2199
712,TD_ADD;Rishabh tasks;
713,COMPLETED DT1;Mail complete clean;
714,UPDATE SCORE;-2199;-1699
715,TD_completed;35;vinod's pc reset;202;
716,UPDATE SCORE;-1699;-1497
717,TD_completed;36;Rishabh tasks;834;
718,UPDATE SCORE;-1497;-663
719,TD_DEL;33;Create and assign labels in gmail;
720,TD_ADD;Automate labelling mail;
721,TD_DEL;36;Automate labelling mail;
722,TD_ADD;Automate labelling mail + add dt feature with dropdown + create notebook and basics for competition;
723,NEW DAY;20230226;DAILY CHARGE;
724,RESET_DT;
725,UPDATE SCORE;-663;-1663
726,TD_DEL;36;Automate labelling mail + add dt feature with dropdown + create notebook and basics for competition;
727,TD_ADD;Vinod laptop 2;
728,RT_completed;0;Open GRL;
729,UPDATE SCORE;-1663;-1643
730,WALK;20230225;674;
731,UPDATE SCORE;-1643;-969
732,COMPLETED DT1;automate mail labelling;
733,UPDATE SCORE;-969;-769
734,DT_Create;1;automate mail labellin
735,DT_Create;1;automate mail labelling
736,COMPLETED DT2;add dt feature;
737,UPDATE SCORE;-769;-469
738,COMPLETED DT3;create notebook and directory for competition;
739,UPDATE SCORE;-469;31
740,TD_completed;36;Vinod laptop 2;104;
741,UPDATE SCORE;31;135
742,RT_completed;5;Cream night;
743,UPDATE SCORE;135;235
744,TD_ADD;Study of money influx;
745,NEW DAY;20230227;DAILY CHARGE;
746,RESET_DT;
747,UPDATE SCORE;235;-765
748,TD_ADD;Vnc project;
749,DT_Create;1;Comp data read and 4 charts
750,TD_ADD;2nd years session GC;
751,DT_Create;2;Limit completed to do visibility
752,DT_Create;3;Pc clean and back up 1 hr
753,WALK;20230226;682;
754,UPDATE SCORE;-765;-83
755,RT_completed;0;Open GRL;
756,UPDATE SCORE;-83;-63
757,RT_completed;8;Breakfast;
758,UPDATE SCORE;-63;437
759,RT_ADD;Call ;200;
760,TD_ADD;Unstop quiz 24th march;
761,TD_ADD;Clothes laundry;
762,TD_ADD;Cycle puncture;
763,TD_ADD;Office install;
764,ET;RandomTask;177;
765,UPDATE SCORE;437;614
766,COMPLETED DT1;Comp data read and 4 charts;
767,UPDATE SCORE;614;814
768,COMPLETED DT2;Limit completed to do visibility;
769,UPDATE SCORE;814;1114
770,COMPLETED DT3;Pc clean and back up 1 hr;
771,UPDATE SCORE;1114;1614
772,TD_completed;43;Office install;460;
773,UPDATE SCORE;1614;2074
774,TD_DEL;30;create add task to dt feature;
775,TD_ADD;Add DT feature;
776,TD_completed;43;Add DT feature;77;
777,UPDATE SCORE;2074;2151
778,RT_completed;4;Cream evening;
779,UPDATE SCORE;2151;2251
780,TD_completed;39;Unstop quiz 24th march;89;
781,UPDATE SCORE;2251;2340
782,TD_UNDO;39;Unstop quiz 24th march;
783,UPDATE SCORE;2340;2251
784,TD_completed;38;2nd years session GC;571;
785,UPDATE SCORE;2251;2822
786,NEW DAY;20230228;DAILY CHARGE;
787,RESET_DT;
788,UPDATE SCORE;2822;1822
789,DT_Create;1;Comp eda
790,DT_Create;2;Comp eda
791,DT_Create;3;Extension complete
792,RT_completed;0;Open GRL;
793,UPDATE SCORE;1822;1842
794,RT_completed;8;Breakfast;
795,UPDATE SCORE;1842;2342
796,WALK;20230227;366;
797,UPDATE SCORE;2342;2708
798,TD_ADD;Fold clothes;
799,COMPLETED DT3;Extension complete;
800,UPDATE SCORE;2708;2908
801,COMPLETED DT1;Comp eda;
802,UPDATE SCORE;2908;3208
803,NEW DAY;20230301;DAILY CHARGE;
804,RESET_DT;
805,TD_ADD;Comp eda;
806,UPDATE SCORE;3208;2208
807,DT_Create;1;Comp eda
808,DT_Create;2;Extension pack
809,DT_Create;3;Draw tool
810,TD_DEL;45;Comp eda;
811,TD_DEL;41;Cycle puncture;
812,TD_completed;43;Fold clothes;50;
813,UPDATE SCORE;2208;2258
814,WALK;20230228;251;
815,UPDATE SCORE;2258;2509
816,RT_completed;0;Open GRL;
817,UPDATE SCORE;2509;2529
818,COMPLETED DT1;Comp eda;
819,UPDATE SCORE;2529;2729
820,COMPLETED DT2;Extension pack;
821,UPDATE SCORE;2729;3029
822,COMPLETED DT3;Draw tool;
823,UPDATE SCORE;3029;3529
824,NEW DAY;20230302;DAILY CHARGE;
825,RESET_DT;
826,UPDATE SCORE;3529;2529
827,RT_completed;0;Open GRL;
828,UPDATE SCORE;2529;2549
829,WALK;20230301;490;
830,UPDATE SCORE;2549;3039
831,RT_completed;8;Breakfast;
832,UPDATE SCORE;3039;3539
833,DT_Create;1;Shirt button
834,DT_Create;2;React extension (1/2)
835,DT_Create;3;Godaddy baseline improve
836,ET;RandomTask;150;
837,UPDATE SCORE;3539;3689
838,TD_DEL;5;Wardrobe segmenter improve 1 day;
839,COMPLETED DT3;Godaddy baseline improve;
840,UPDATE SCORE;3689;3889
841,COMPLETED DT1;Shirt button;
842,UPDATE SCORE;3889;4189
843,NEW DAY;20230303;DAILY CHARGE;
844,RESET_DT;
845,TD_ADD;React extension (1/2);
846,UPDATE SCORE;4189;3189
847,RT_completed;0;Open GRL;
848,UPDATE SCORE;3189;3209
849,DT_Create;1;Treasure hunt x 1hr
850,DT_Create;2;Cloth laundry
851,DT_Create;3;React extension (1/2)
852,TD_DEL;43;React extension (1/2);
853,RT_completed;8;Breakfast;
854,UPDATE SCORE;3209;3709
855,WALK;20230302;549;
856,UPDATE SCORE;3709;4258
857,COMPLETED DT1;Treasure hunt x 1hr;
858,UPDATE SCORE;4258;4458
859,COMPLETED DT2;Cloth laundry;
860,UPDATE SCORE;4458;4758
861,TD_DEL;39;Clothes laundry;
862,COMPLETED DT3;React extension (1/2);
863,UPDATE SCORE;4758;5258
864,NEW DAY;20230304;DAILY CHARGE;
865,RESET_DT;
866,UPDATE SCORE;5258;4258
867,RT_completed;0;Open GRL;
868,UPDATE SCORE;4258;4278
869,Learning;500;
870,UPDATE SCORE;4278;4778
871,WALK;20230303;782;
872,UPDATE SCORE;4778;5560
873,TD_completed;38;Unstop quiz 24th march;50;
874,UPDATE SCORE;5560;5610
875,DT_Create;1;Vinod eda
876,DT_Create;2;Comp rephrase train data
877,DT_Create;3;Dsai read all
878,ET;Bath;255;
879,UPDATE SCORE;5610;5865
880,TD_ADD;Vinod cv;
881,COMPLETED DT1;Vinod eda;
882,UPDATE SCORE;5865;6065
883,RT_completed;8;Breakfast;
884,UPDATE SCORE;6065;6565
885,Learning;100;
886,UPDATE SCORE;6565;6665
887,NEW DAY;20230305;DAILY CHARGE;
888,RESET_DT;
889,TD_ADD;Comp rephrase train data;
890,TD_ADD;Dsai read all;
891,UPDATE SCORE;6665;5665
892,DT_Create;1;Vinod digital alpha
893,DT_Create;2;Gc da companies
894,RT_completed;0;Open GRL;
895,UPDATE SCORE;5665;5685
896,RT_completed;8;Breakfast;
897,UPDATE SCORE;5685;6185
898,DT_Create;3;Vnc group
899,TD_DEL;11;Add points feature TD;
900,WALK;20230304;124;
901,UPDATE SCORE;6185;6309
902,COMPLETED DT1;Vinod digital alpha;
903,UPDATE SCORE;6309;6509
904,COMPLETED DT3;Vnc group;
905,UPDATE SCORE;6509;6809
906,COMPLETED DT2;Gc da companies;
907,UPDATE SCORE;6809;7309
908,Learning;100;
909,UPDATE SCORE;7309;7409
910,ET;Bath;230;
911,UPDATE SCORE;7409;7639
912,RT_completed;6;23:00;
913,UPDATE SCORE;7639;7739
914,RT_completed;5;Cream night;
915,UPDATE SCORE;7739;7839
916,NEW DAY;20230306;DAILY CHARGE;
917,RESET_DT;
918,UPDATE SCORE;7839;6839
919,DT_Create;1;Dsai read all
920,TD_DEL;43;Dsai read all;
921,TD_completed;41;Vinod cv;50;
922,UPDATE SCORE;6839;6889
923,TD_DEL;35;Vnc project;
924,DT_Create;2;Comp rephrase train data
925,TD_DEL;41;Comp rephrase train data;
926,DT_Create;3;Clothes
927,RT_completed;0;Open GRL;
928,UPDATE SCORE;6889;6909
929,RT_completed;8;Breakfast;
930,UPDATE SCORE;6909;7409
931,WALK;20230305;704;
932,UPDATE SCORE;7409;8113
933,RT_UNDO;8;Breakfast;
934,UPDATE SCORE;8113;7613
935,RT_ADD;Breakfast;300;
936,RT_DEL;8;Breakfast;
937,RT_completed;9;Breakfast;
938,UPDATE SCORE;7613;7913
939,NEW DAY;20230307;DAILY CHARGE;
940,RESET_DT;
941,TD_ADD;Dsai read all;
942,TD_ADD;Comp rephrase train data;
943,TD_ADD;Clothes;
944,UPDATE SCORE;7913;6913
945,ET;Bath;200;
946,UPDATE SCORE;6913;7113
947,WALK;20230306;611;
948,UPDATE SCORE;7113;7724
949,DT_Create;1;Gc meet
950,DT_Create;2;Dsai over
951,TD_completed;43;Clothes;50;
952,UPDATE SCORE;7724;7774
953,TD_completed;42;Comp rephrase train data;50;
954,UPDATE SCORE;7774;7824
955,TD_UNDO;42;Comp rephrase train data;
956,UPDATE SCORE;7824;7774
957,TD_DEL;42;Comp rephrase train data;
958,TD_completed;41;Dsai read all;50;
959,UPDATE SCORE;7774;7824
960,RT_completed;0;Open GRL;
961,UPDATE SCORE;7824;7844
962,RT_completed;9;Breakfast;
963,UPDATE SCORE;7844;8144
964,Learning;200;
965,UPDATE SCORE;8144;8344
966,DT_Create;3;Go daddy x2hr
967,COMPLETED DT1;Gc meet;
968,UPDATE SCORE;8344;8544
969,NEW DAY;20230308;DAILY CHARGE;
970,RESET_DT;
971,TD_ADD;Dsai over;
972,TD_ADD;Go daddy x2hr;
973,UPDATE SCORE;8544;7544
974,DT_Create;1;Go daddy x2hr
975,DT_Create;2;Dsai over
976,TD_DEL;44;Go daddy x2hr;
977,TD_DEL;43;Dsai over;
978,DT_Create;3;React x 1
979,WALK;20230307;389;
980,UPDATE SCORE;7544;7933
981,RT_completed;0;Open GRL;
982,UPDATE SCORE;7933;7953
983,RT_completed;9;Breakfast;
984,UPDATE SCORE;7953;8253
985,ET;Bath;150;
986,UPDATE SCORE;8253;8403
987,COMPLETED DT3;React x 1;
988,UPDATE SCORE;8403;8603
989,COMPLETED DT2;Dsai over;
990,UPDATE SCORE;8603;8903
991,RT_completed;8;Call ;
992,UPDATE SCORE;8903;9103
993,COMPLETED DT1;Go daddy x2hr;
994,UPDATE SCORE;9103;9603
995,NEW DAY;20230309;DAILY CHARGE;
996,RESET_DT;
997,UPDATE SCORE;9603;8603
998,WALK;20230308;357;
999,UPDATE SCORE;8603;8960
1000,DT_Create;1;Holts winter
1001,DT_Create;2;Gc da meet
1002,DT_Create;3;Term project discussion start
1003,RT_completed;0;Open GRL;
1004,UPDATE SCORE;8960;8980
1005,RT_completed;9;Breakfast;
1006,UPDATE SCORE;8980;9280
1007,ET;Brush;50;
1008,UPDATE SCORE;9280;9330
1009,COMPLETED DT1;Holts winter;
1010,UPDATE SCORE;9330;9530
1011,COMPLETED DT2;Gc da meet;
1012,UPDATE SCORE;9530;9830
1013,RT_completed;3;Medicine night;
1014,UPDATE SCORE;9830;9930
1015,Learning;100;
1016,UPDATE SCORE;9930;10030
1017,ET;Bath;150;
1018,UPDATE SCORE;10030;10180
1019,NEW DAY;20230310;DAILY CHARGE;
1020,RESET_DT;
1021,TD_ADD;Term project discussion start;
1022,UPDATE SCORE;10180;9180
1023,WALK;20230309;468;
1024,UPDATE SCORE;9180;9648
1025,DT_Create;1;Class
1026,DT_Create;2;Gc cnn
1027,DT_Create;3;Pdq + holts winter
1028,RT_completed;0;Open GRL;
1029,UPDATE SCORE;9648;9668
1030,RT_completed;9;Breakfast;
1031,UPDATE SCORE;9668;9968
1032,COMPLETED DT1;Class;
1033,UPDATE SCORE;9968;10168
1034,NEW DAY;20230311;DAILY CHARGE;
1035,RESET_DT;
1036,TD_ADD;Gc cnn;
1037,TD_ADD;Pdq + holts winter;
1038,UPDATE SCORE;10168;9168
1039,RT_completed;0;Open GRL;
1040,UPDATE SCORE;9168;9188
1041,RT_completed;9;Breakfast;
1042,UPDATE SCORE;9188;9488
1043,DT_Create;1;Confusion matrix 
1044,TD_ADD;Confusion matrix;
1045,DT_Create;2;Gc cnn
1046,TD_DEL;44;Gc cnn;
1047,DT_Create;3;Gc meet
1048,WALK;20230310;490;
1049,UPDATE SCORE;9488;9978
1050,NEW DAY;20230312;DAILY CHARGE;
1051,RESET_DT;
1052,TD_ADD;Confusion matrix ;
1053,TD_ADD;Gc cnn;
1054,TD_ADD;Gc meet;
1055,UPDATE SCORE;9978;8978
1056,TD_completed;48;Gc meet;50;
1057,UPDATE SCORE;8978;9028
1058,RT_completed;0;Open GRL;
1059,UPDATE SCORE;9028;9048
1060,RT_completed;9;Breakfast;
1061,UPDATE SCORE;9048;9348
1062,WALK;20230311;467;
1063,UPDATE SCORE;9348;9815
1064,TD_completed;46;Confusion matrix ;50;
1065,UPDATE SCORE;9815;9865
1066,TD_completed;45;Confusion matrix;50;
1067,UPDATE SCORE;9865;9915
1068,NEW DAY;20230313;DAILY CHARGE;
1069,RESET_DT;
1070,UPDATE SCORE;9915;8915
1071,WALK;20230312;340;
1072,UPDATE SCORE;8915;9255
1073,DT_Create;1;Scrap gc
1074,DT_Create;2;Gc cnn
1075,TD_DEL;47;Gc cnn;
1076,RT_completed;0;Open GRL;
1077,UPDATE SCORE;9255;9275
1078,RT_completed;9;Breakfast;
1079,UPDATE SCORE;9275;9575
1080,DT_Create;3;Gc+
1081,NEW DAY;20230314;DAILY CHARGE;
1082,RESET_DT;
1083,TD_ADD;Scrap gc;
1084,TD_ADD;Gc cnn;
1085,TD_ADD;Gc+;
1086,UPDATE SCORE;9575;8575
1087,DT_Create;1;Vinod digital alpha
1088,DT_Create;2;Trim nails
1089,DT_Create;3;Sine model fit /ifft
1090,TD_DEL;50;Gc+;
1091,WALK;20230313;793;
1092,UPDATE SCORE;8575;9368
1093,TD_ADD;Bring soap (cloth);
1094,RT_completed;0;Open GRL;
1095,UPDATE SCORE;9368;9388
1096,RT_completed;9;Breakfast;
1097,UPDATE SCORE;9388;9688
1098,COMPLETED DT2;Trim nails;
1099,UPDATE SCORE;9688;9888
1100,COMPLETED DT3;Sine model fit /ifft;
1101,UPDATE SCORE;9888;10188
1102,COMPLETED DT1;Vinod digital alpha;
1103,UPDATE SCORE;10188;10688
1104,UNDO DT1;Vinod digital alpha;
1105,UPDATE SCORE;10688;10188
1106,COMPLETED DT1;Vinod digital alpha;
1107,UPDATE SCORE;10188;10688
1108,TD_completed;48;Scrap gc;322;
1109,UPDATE SCORE;10688;11010
1110,TD_DEL;44;Pdq + holts winter;
1111,TD_DEL;43;Term project discussion start;
1112,NEW DAY;20230315;DAILY CHARGE;
1113,RESET_DT;
1114,UPDATE SCORE;11010;10010
1115,WALK;20230314;293;
1116,UPDATE SCORE;10010;10303
1117,DT_Create;1;Vnc/ml
1118,RT_completed;0;Open GRL;
1119,UPDATE SCORE;10303;10323
1120,RT_completed;9;Breakfast;
1121,UPDATE SCORE;10323;10623
1122,DT_Create;2;Cloth get back + soap
1123,TD_DEL;48;Bring soap (cloth);
1124,DT_Create;3;Fft x1hr
1125,ET;Chess;100;
1126,UPDATE SCORE;10623;10723
1127,COMPLETED DT1;Vnc/ml;
1128,UPDATE SCORE;10723;10923
1129,COMPLETED DT2;Cloth get back + soap;
1130,UPDATE SCORE;10923;11223
1131,TD_ADD;Fft x1hr;
1132,DT_Create;3;Blitz x1
1133,COMPLETED DT3;Blitz x1;
1134,UPDATE SCORE;11223;11723
1135,NEW DAY;20230316;DAILY CHARGE;
1136,RESET_DT;
1137,UPDATE SCORE;11723;10723
1138,WALK;20230315;606;
1139,UPDATE SCORE;10723;11329
1140,ET;Bath;150;
1141,UPDATE SCORE;11329;11479
1142,RT_completed;0;Open GRL;
1143,UPDATE SCORE;11479;11499
1144,RT_completed;9;Breakfast;
1145,UPDATE SCORE;11499;11799
1146,DT_Create;1;Blitz home1
1147,DT_Create;2;Box reapir
1148,DT_Create;3;Immune Book x 10 chapter
1149,COMPLETED DT2;Box reapir;
1150,UPDATE SCORE;11799;11999
1151,Learning;100;
1152,UPDATE SCORE;11999;12099
1153,Learning;100;
1154,UPDATE SCORE;12099;12199
1155,Learning;200;
1156,UPDATE SCORE;12199;12399
1157,ET;watch;-100;
1158,UPDATE SCORE;12399;12299
1159,COMPLETED DT1;Blitz home1;
1160,UPDATE SCORE;12299;12599
1161,COMPLETED DT3;Immune Book x 10 chapter;
1162,UPDATE SCORE;12599;13099
1163,RT_completed;5;Cream night;
1164,UPDATE SCORE;13099;13199
1165,RT_completed;2;Book reading 15 pages;
1166,UPDATE SCORE;13199;13349
1167,RT_completed;3;Medicine night;
1168,UPDATE SCORE;13349;13449
1169,NEW DAY;20230317;DAILY CHARGE;
1170,RESET_DT;
1171,UPDATE SCORE;13449;12449
1172,DT_Create;1;Hair cut
1173,WALK;20230316;365;
1174,UPDATE SCORE;12449;12814
1175,DT_Create;2;Blitz home1
1176,RT_completed;0;Open GRL;
1177,UPDATE SCORE;12814;12834
1178,TD_ADD;Add 1% feature;
1179,COMPLETED DT1;Hair cut;
1180,UPDATE SCORE;12834;13034
1181,DT_Create;3;1%feature
1182,TD_DEL;49;Add 1% feature;
1183,TD_ADD;Laundry;
1184,RT_DEL;3;Medicine night;
1185,NEW DAY;20230318;DAILY CHARGE;
1186,RESET_DT;
1187,TD_ADD;Blitz home1;
1188,TD_ADD;1%feature;
1189,UPDATE SCORE;13034;12034
1190,TD_completed;49;Laundry;50;
1191,UPDATE SCORE;12034;12084
1192,RT_completed;0;Open GRL;
1193,UPDATE SCORE;12084;12104
1194,RT_completed;8;Breakfast;
1195,UPDATE SCORE;12104;12404
1196,DT_Create;1;1%feature
1197,Learning;300;
1198,UPDATE SCORE;12404;12704
1199,TD_DEL;51;1%feature;
1200,DT_Create;2;Blitz home1
1201,DT_Create;3;Immune Book x 10 chapter
1202,TD_DEL;50;Blitz home1;
1203,WALK;20230317;549;
1204,UPDATE SCORE;12704;13253
1205,COMPLETED DT2;Blitz home1;
1206,UPDATE SCORE;13253;13453
1207,TD_ADD;commenting and cleaning grl code;
1208,COMPLETED DT1;1%feature;
1209,UPDATE SCORE;13453;13753
1210,COMPLETED DT3;Immune Book x 10 chapter;
1211,UPDATE SCORE;13753;14253
1212,RT_completed;2;Book reading 15 pages;
1213,UPDATE SCORE;14253;14403
1214,RT_completed;4;Cream night;
1215,UPDATE SCORE;14403;14503
1216,RT_completed;3;Cream evening;
1217,UPDATE SCORE;14503;14603
1218,RT_DEL;1;Varsity;
1219,RT_ADD;Varsity;500;
1220,Learning;100;
1221,UPDATE SCORE;14603;14703
1222,NEW DAY;20230319;DAILY CHARGE;
1223,RESET_DT;
1224,LAST SCORE;14703
1225,UPDATE SCORE;14703;13703
1226,WALK;20230318;573;
1227,UPDATE SCORE;13703;14276
1228,DT_Create;1;Blitz complete
1229,DT_Create;2;edit button for tasks
1230,DT_Create;3;immune x 10 chap
1231,RT_completed;0;Open GRL;
1232,UPDATE SCORE;14276;14296
1233,RT_completed;7;Breakfast;
1234,UPDATE SCORE;14296;14596
1235,RT_DEL;6;Call ;
1236,RT_ADD;Call;400;
1237,Learning;100;
1238,UPDATE SCORE;14596;14696
1239,TD_ADD;Bot for gfg;
1240,RT_completed;8;Call;
1241,UPDATE SCORE;14696;15096
1242,COMPLETED DT2;edit button for tasks;
1243,UPDATE SCORE;15096;15296
1244,RT_completed;1;Book reading 15 pages;
1245,UPDATE SCORE;15296;15446
1246,TD_completed;18;Completed to do visibility limited;50;
1247,UPDATE SCORE;15446;15496
1248,NEW DAY;20230320;DAILY CHARGE;
1249,RESET_DT;
1250,LAST SCORE;15496
1251,TD_ADD;Blitz complete;
1252,TD_ADD;immune x 10 chap;
1253,UPDATE SCORE;15496;14496
1254,RT_completed;0;Open GRL;
1255,UPDATE SCORE;14496;14516
1256,WALK;20230319;549;
1257,UPDATE SCORE;14516;15065
1258,DT_Create;1;Immune Book x 10 chapter
1259,TD_DEL;53;immune x 10 chap;
1260,DT_Create;2;Java script complete editablity
1261,DT_Create;3;Dependable x1 pdf
1262,DT_Create;3;Blitz complete
1263,TD_DEL;52;Blitz complete;
1264,Learning;100;
1265,UPDATE SCORE;15065;15165
1266,ET;Bath;150;
1267,UPDATE SCORE;15165;15315
1268,COMPLETED DT2;Java script complete editablity;
1269,UPDATE SCORE;15315;15515
1270,RT_completed;8;Call;
1271,UPDATE SCORE;15515;15915
1272,COMPLETED DT3;Blitz complete;
1273,UPDATE SCORE;15915;16215
1274,RT_completed;3;Cream night;
1275,UPDATE SCORE;16215;16315
1276,COMPLETED DT1;Immune Book x 10 chapter;
1277,UPDATE SCORE;16315;16815
1278,RT_completed;1;Book reading 15 pages;
1279,UPDATE SCORE;16815;16965
1280,TD_completed;10;Extension;667;
1281,UPDATE SCORE;16965;17632
1282,NEW DAY;20230321;DAILY CHARGE;
1283,RESET_DT;
1284,LAST SCORE;17632
1285,UPDATE SCORE;17632;16632
1286,RT_completed;0;Open GRL;
1287,UPDATE SCORE;16632;16652
1288,RT_completed;6;Breakfast;
1289,UPDATE SCORE;16652;16952
1290,DT_Create;1;complete flask api
1291,ET;Extras;50;
1292,UPDATE SCORE;16952;17002
1293,WALK;20230320;295;
1294,UPDATE SCORE;17002;17297
1295,DT_Create;2;how to scrape password web
1296,DT_Create;3;dsai 5 page
1297,COMPLETED DT1;complete flask api;
1298,UPDATE SCORE;17297;17497
1299,TD_ADD;Edit button for rt + Push edit button;
1300,ET;Extras;2;
1301,UPDATE SCORE;17497;17499
1302,COMPLETED DT2;how to scrape password web;
1303,UPDATE SCORE;17499;17799
1304,UNDO DT2;how to scrape password web;
1305,UPDATE SCORE;17799;17499
1306,ET;bath;150;
1307,UPDATE SCORE;17499;17649
1308,COMPLETED DT2;how to scrape password web;
1309,UPDATE SCORE;17649;17949
1310,TD_DEL;51;Bot for gfg;
1311,RT_ADD;GFG potd;500;
1312,RT_completed;9;GFG potd;
1313,UPDATE SCORE;17949;18449
1314,TD_ADD;Plan and bin x1;
1315,COMPLETED DT3;dsai 5 page;
1316,UPDATE SCORE;18449;18949
1317,RT_completed;2;Cream evening;
1318,UPDATE SCORE;18949;19049
1319,RT_completed;1;Book reading 15 pages;
1320,UPDATE SCORE;19049;19199
1321,RT_completed;3;Cream night;
1322,UPDATE SCORE;19199;19299
1323,NEW DAY;20230322;DAILY CHARGE;
1324,RESET_DT;
1325,LAST SCORE;19299
1326,UPDATE SCORE;19299;18299
1327,DT_Create;1;Communique
1328,RT_completed;0;Open GRL;
1329,UPDATE SCORE;18299;18319
1330,WALK;20230321;724;
1331,UPDATE SCORE;18319;19043
1332,DT_Create;2;Plan and bin trajectories (pers+prof)
1333,TD_DEL;52;Plan and bin x1;
1334,DT_Create;3;Heat transfer get resource
1335,RT_completed;9;GFG potd;
1336,UPDATE SCORE;19043;19543
1337,TD_ADD;Heat transfer complete;
1338,RT_ADD;Acad heat tf x15 pg;150;
1339,COMPLETED DT3;Heat transfer get resource;
1340,UPDATE SCORE;19543;19743
1341,TD_ADD;Prince regarding dsai;
1342,COMPLETED DT1;Communique;
1343,UPDATE SCORE;19743;20043
1344,TD_ADD;Ping MS seniors;
1345,RT_completed;7;Varsity;
1346,UPDATE SCORE;20043;20543
1347,RT_completed;1;Book reading 15 pages;
1348,UPDATE SCORE;20543;20693
1349,COMPLETED DT2;Plan and bin trajectories (pers+prof);
1350,UPDATE SCORE;20693;21193
1351,TD_ADD;Tool for drawing trajectory;
1352,TD_completed;53;Prince regarding dsai;67;
1353,UPDATE SCORE;21193;21260
1354,RT_completed;10;Acad heat tf x15 pg;
1355,UPDATE SCORE;21260;21410
1356,RT_completed;2;Cream evening;
1357,UPDATE SCORE;21410;21510
1358,NEW DAY;20230323;DAILY CHARGE;
1359,RESET_DT;
1360,LAST SCORE;21510
1361,UPDATE SCORE;21510;20510
1362,RT_completed;0;Open GRL;
1363,UPDATE SCORE;20510;20530
1364,DT_Create;1;Dsai 1 pdf
1365,DT_Create;2;Edit button for rt + Push edit button
1366,RT_completed;6;Breakfast;
1367,UPDATE SCORE;20530;20830
1368,RT_completed;9;GFG potd;
1369,UPDATE SCORE;20830;21330
1370,WALK;20230322;415;
1371,UPDATE SCORE;21330;21745
1372,RT_completed;10;Acad heat tf x15 pg;
1373,UPDATE SCORE;21745;21895
1374,DT_Create;3;2nd yr meet
1375,RT_ADD;creativity exercise;500;
1376,RT_completed;11;creativity exercise;
1377,UPDATE SCORE;21895;22395
1378,TD_UPDATE;55;Tool for drawing trajectory;Tool for drawing trajectory (flowcharts);
1379,TD_UPDATE;52;Heat transfer complete;Heat transfer complete ;
1380,RT_UPDATE;8;Call;Call ;500;
1381,COMPLETED DT2;Edit button for rt + Push edit button;
1382,UPDATE SCORE;22395;22595
1383,COMPLETED DT1;Dsai 1 pdf;
1384,UPDATE SCORE;22595;22895
1385,RT_completed;1;Book reading 15 pages;
1386,UPDATE SCORE;22895;23045
1387,COMPLETED DT3;2nd yr meet;
1388,UPDATE SCORE;23045;23545
1389,RT_completed;7;Varsity;
1390,UPDATE SCORE;23545;24045
1391,Learning;200;
1392,UPDATE SCORE;24045;24245
1393,RT_completed;3;Cream night;
1394,UPDATE SCORE;24245;24345
1395,NEW DAY;20230324;DAILY CHARGE;
1396,RESET_DT;
1397,LAST SCORE;24345
1398,UPDATE SCORE;24345;23345
1399,WALK;20230323;881;
1400,UPDATE SCORE;23345;24226
1401,DT_Create;1;Ask anirvan viva
1402,RT_completed;0;Open GRL;
1403,UPDATE SCORE;24226;24246
1404,DT_Create;2;Read viva questions
1405,RT_completed;6;Breakfast;
1406,UPDATE SCORE;24246;24546
1407,DT_Create;3;Dsai 2 pdf
1408,COMPLETED DT1;Ask anirvan viva;
1409,UPDATE SCORE;24546;24746
1410,RT_completed;2;Cream evening;
1411,UPDATE SCORE;24746;24846
1412,RT_completed;9;GFG potd;
1413,UPDATE SCORE;24846;25346
1414,COMPLETED DT2;Read viva questions;
1415,UPDATE SCORE;25346;25646
1416,TD_completed;51;Edit button for rt + Push edit button;50;
1417,UPDATE SCORE;25646;25696
1418,TD_ADD;Buy a pen;
1419,RT_completed;3;Cream night;
1420,UPDATE SCORE;25696;25796
1421,NEW DAY;20230325;DAILY CHARGE;
1422,RESET_DT;
1423,LAST SCORE;25796
1424,TD_ADD;Dsai 2 pdf;
1425,UPDATE SCORE;25796;24796
1426,RT_completed;0;Open GRL;
1427,UPDATE SCORE;24796;24816
1428,RT_completed;9;GFG potd;
1429,UPDATE SCORE;24816;25316
1430,RT_completed;6;Breakfast;
1431,UPDATE SCORE;25316;25616
1432,DT_Create;3;Heat transfer 100 pg
1433,DT_Create;2;Dsai 1 pdf
1434,TD_DEL;57;Dsai 2 pdf;
1435,DT_Create;1;RTSM check
1436,COMPLETED DT3;Heat transfer 100 pg;
1437,UPDATE SCORE;25616;25816
1438,RT_completed;10;Acad heat tf x15 pg;
1439,UPDATE SCORE;25816;25966
1440,RT_completed;1;Book reading 15 pages;
1441,UPDATE SCORE;25966;26116
1442,TD_ADD;Gandhi nom ml;
1443,ET;Bath;200;
1444,UPDATE SCORE;26116;26316
1445,COMPLETED DT2;Dsai 1 pdf;
1446,UPDATE SCORE;26316;26616
1447,WALK;20230324;563;
1448,UPDATE SCORE;26616;27179
1449,DT_Create;1;Gandhi nom ml
1450,TD_completed;57;Gandhi nom ml;50;
1451,UPDATE SCORE;27179;27229
1452,TD_UNDO;57;Gandhi nom ml;
1453,UPDATE SCORE;27229;27179
1454,TD_UPDATE;57;Gandhi nom ml;RTSM check;
1455,COMPLETED DT1;Gandhi nom ml;
1456,UPDATE SCORE;27179;27679
1457,TD_completed;57;RTSM check;456;
1458,UPDATE SCORE;27679;28135
1459,TD_ADD;RTSM delayed but start again;
1460,TD_completed;52;Heat transfer complete ;349;
1461,UPDATE SCORE;28135;28484
1462,TD_ADD;maths for finance;
1463,TD_completed;13;Walk Tab;237;
1464,UPDATE SCORE;28484;28721
1465,TD_completed;12;Learning chunks tab;76;
1466,UPDATE SCORE;28721;28797
1467,TD_completed;11;Increase usage;109;
1468,UPDATE SCORE;28797;28906
1469,TD_completed;5;Think about to do ad DT and reset;803;
1470,UPDATE SCORE;28906;29709
1471,NEW DAY;20230326;DAILY CHARGE;
1472,RESET_DT;
1473,LAST SCORE;29709
1474,UPDATE SCORE;29709;28709
1475,DT_Create;1;Mos
1476,RT_UPDATE;10;Acad heat tf x15 pg;Acad mos x15 pg ;150;
1477,RT_completed;0;Open GRL;
1478,UPDATE SCORE;28709;28729
1479,DT_Create;2;Call 2pm
1480,RT_completed;6;Breakfast;
1481,UPDATE SCORE;28729;29029
1482,DT_Create;3;Dsai 1 pdf 
1483,TD_ADD;Gandhi nom ml;
1484,COMPLETED DT1;Mos;
1485,UPDATE SCORE;29029;29229
1486,TD_ADD;Teach mos;
1487,COMPLETED DT2;Call 2pm;
1488,UPDATE SCORE;29229;29529
1489,RT_ADD;clean mouse keyboard laptop;100;
1490,RT_completed;10;Acad mos x15 pg ;
1491,UPDATE SCORE;29529;29679
1492,RT_completed;9;GFG potd;
1493,UPDATE SCORE;29679;30179
1494,COMPLETED DT3;Dsai 1 pdf ;
1495,UPDATE SCORE;30179;30679
1496,RT_UPDATE;12;clean mouse keyboard laptop;clean laptop ;50;
1497,RT_ADD;clean mouse keyboard;50;
1498,RT_completed;13;clean mouse keyboard;
1499,UPDATE SCORE;30679;30729
1500,RT_completed;12;clean laptop ;
1501,UPDATE SCORE;30729;30779
1502,TD_ADD;IDEA Increment point with day fo rt;
1503,RT_completed;11;creativity exercise;
1504,UPDATE SCORE;30779;31279
1505,RT_completed;2;Cream evening;
1506,UPDATE SCORE;31279;31379
1507,WALK;20230325;229;
1508,UPDATE SCORE;31379;31608
1509,ET;Bath;150;
1510,UPDATE SCORE;31608;31758
1511,TD_completed;60;Gandhi nom ml;108;
1512,UPDATE SCORE;31758;31866
1513,TD_ADD;Find drawing tool be persistent;
1514,RT_completed;1;Book reading 15 pages;
1515,UPDATE SCORE;31866;32016
1516,TD_completed;61;Teach mos;198;
1517,UPDATE SCORE;32016;32214
1518,NEW DAY;20230327;DAILY CHARGE;
1519,RESET_DT;
1520,LAST SCORE;32214
1521,UPDATE SCORE;32214;31214
1522,DT_Create;1;viva
1523,DT_Create;2;Dsai 1 pdf
1524,WALK;20230326;712;
1525,UPDATE SCORE;31214;31926
1526,COMPLETED DT1;viva;
1527,UPDATE SCORE;31926;32126
1528,RT_completed;0;Open GRL;
1529,UPDATE SCORE;32126;32146
1530,RT_completed;9;GFG potd;
1531,UPDATE SCORE;32146;32646
1532,RT_completed;6;Breakfast;
1533,UPDATE SCORE;32646;32946
1534,RT_completed;10;Acad mos x15 pg ;
1535,UPDATE SCORE;32946;33096
1536,RT_UNDO;10;Acad mos x15 pg ;
1537,UPDATE SCORE;33096;32946
1538,RT_completed;13;clean mouse keyboard;
1539,UPDATE SCORE;32946;32996
1540,RT_completed;12;clean laptop ;
1541,UPDATE SCORE;32996;33046
1542,RT_UPDATE;1;Book reading 15 pages;Book reading 15 pages ;300;
1543,DT_Create;3;mtm over
1544,TD_ADD;hall day tejas;
1545,COMPLETED DT2;Dsai 1 pdf;
1546,UPDATE SCORE;33046;33346
1547,TD_ADD;hall day saransh;
1548,RT_completed;2;Cream evening;
1549,UPDATE SCORE;33346;33446
1550,RT_completed;10;Acad mos x15 pg ;
1551,UPDATE SCORE;33446;33596
1552,DT_Create;3;casting
1553,TD_ADD;cleaned room;
1554,DT_Create;3;chill
1555,COMPLETED DT3;chill;
1556,UPDATE SCORE;33596;34096
1557,TD_completed;66;cleaned room;475;
1558,UPDATE SCORE;34096;34571
1559,TD_completed;65;hall day saransh;101;
1560,UPDATE SCORE;34571;34672
1561,TD_completed;64;hall day tejas;349;
1562,UPDATE SCORE;34672;35021
1563,TD_UPDATE;62;IDEA Increment point with day fo rt;IDEA Increment point with day for rt ;
1564,NEW DAY;20230328;DAILY CHARGE;
1565,RESET_DT;
1566,LAST SCORE;35021
1567,UPDATE SCORE;35021;34021
1568,RT_completed;0;Open GRL;
1569,UPDATE SCORE;34021;34041
1570,DT_Create;1;Meet apoorv
1571,DT_Create;2;Clothes for laundry
1572,DT_Create;3;Dsai
1573,TD_ADD;Cf+-w complete;
1574,COMPLETED DT3;Dsai;
1575,UPDATE SCORE;34041;34241
1576,COMPLETED DT1;Meet apoorv;
1577,UPDATE SCORE;34241;34541
1578,COMPLETED DT2;Clothes for laundry;
1579,UPDATE SCORE;34541;35041
1580,UNDO DT2;Clothes for laundry;
1581,UPDATE SCORE;35041;34541
1582,TD_ADD;Mtm read;
1583,TD_completed;67;Cf+-w complete;50;
1584,UPDATE SCORE;34541;34591
1585,TD_completed;68;Mtm read;50;
1586,UPDATE SCORE;34591;34641
1587,RT_completed;6;Breakfast;
1588,UPDATE SCORE;34641;34941
1589,TD_ADD;Fluid basic navier;
1590,WALK;20230327;1121;
1591,UPDATE SCORE;34941;36062
1592,TD_completed;69;Fluid basic navier;50;
1593,UPDATE SCORE;36062;36112
1594,TD_ADD;Viva;
1595,TD_completed;70;Viva;50;
1596,UPDATE SCORE;36112;36162
1597,RT_completed;9;GFG potd;
1598,UPDATE SCORE;36162;36662
1599,RT_completed;10;Acad mos x15 pg ;
1600,UPDATE SCORE;36662;36812
1601,NEW DAY;20230330;DAILY CHARGE;
1602,RESET_DT;
1603,LAST SCORE;35812
1604,TD_ADD;Clothes for laundry;
1605,UPDATE SCORE;36812;34812
1606,DT_Create;1;moulic pdf x1
1607,RT_completed;0;Open GRL;
1608,UPDATE SCORE;34812;34832
1609,RT_UPDATE;10;Acad mos x15 pg ;Acad chmt x15 pg  ;150;
1610,RT_completed;12;clean laptop ;
1611,UPDATE SCORE;34832;34882
1612,DT_Create;2;read piyush research paper
1613,DT_Create;3;fnv test
1614,RT_completed;9;GFG potd;
1615,UPDATE SCORE;34882;35382
1616,WALK;20230329;970;
1617,UPDATE SCORE;35382;36352
1618,TD_ADD;vinod push extension code;
1619,ET;Fooled;-500;
1620,UPDATE SCORE;36352;35852
1621,COMPLETED DT3;fnv test;
1622,UPDATE SCORE;35852;36052
1623,RT_completed;6;Breakfast;
1624,UPDATE SCORE;36052;36352
1625,RT_completed;1;Book reading 15 pages ;
1626,UPDATE SCORE;36352;36652
1627,RT_completed;10;Acad chmt x15 pg  ;
1628,UPDATE SCORE;36652;36802
1629,RT_completed;13;clean mouse keyboard;
1630,UPDATE SCORE;36802;36852
1631,RT_completed;11;creativity exercise;
1632,UPDATE SCORE;36852;37352
1633,COMPLETED DT1;moulic pdf x1;
1634,UPDATE SCORE;37352;37652
1635,COMPLETED DT2;read piyush research paper;
1636,UPDATE SCORE;37652;38152
1637,TD_completed;71;Clothes for laundry;289;
1638,UPDATE SCORE;38152;38441
1639,NEW DAY;20230331;DAILY CHARGE;
1640,RESET_DT;
1641,LAST SCORE;38441
1642,UPDATE SCORE;38441;37441
1643,DT_Create;1;Moulic pdf all
1644,DT_Create;2;Clothes back
1645,RT_completed;0;Open GRL;
1646,UPDATE SCORE;37441;37461
1647,WALK;20230330;284;
1648,UPDATE SCORE;37461;37745
1649,RT_completed;6;Breakfast;
1650,UPDATE SCORE;37745;38045
1651,DT_Create;3;Rtsm x2 pdf
1652,TD_ADD;Piyush btp ;
1653,TD_ADD;Moulic exam;
1654,RT_completed;12;clean laptop ;
1655,UPDATE SCORE;38045;38095
1656,RT_completed;9;GFG potd;
1657,UPDATE SCORE;38095;38595
1658,COMPLETED DT1;Moulic pdf all;
1659,UPDATE SCORE;38595;38795
1660,RT_completed;10;Acad chmt x15 pg  ;
1661,UPDATE SCORE;38795;38945
1662,COMPLETED DT2;Clothes back;
1663,UPDATE SCORE;38945;39245
1664,COMPLETED DT3;Rtsm x2 pdf;
1665,UPDATE SCORE;39245;39745
1666,RT_completed;11;creativity exercise;
1667,UPDATE SCORE;39745;40245
1668,RT_completed;8;Call ;
1669,UPDATE SCORE;40245;40745
1670,RT_completed;13;clean mouse keyboard;
1671,UPDATE SCORE;40745;40795
1672,TD_completed;74;Moulic exam;292;
1673,UPDATE SCORE;40795;41087
1674,RT_completed;1;Book reading 15 pages ;
1675,UPDATE SCORE;41087;41387
1676,NEW DAY;20230401;DAILY CHARGE;
1677,RESET_DT;
1678,LAST SCORE;41387
1679,UPDATE SCORE;41387;40387
1680,ET;extra;28;
1681,UPDATE SCORE;40387;40415
1682,ET;extra;28;
1683,UPDATE SCORE;40415;40443
1684,ET;extra ;-28;
1685,UPDATE SCORE;40443;40415
1686,DT_Create;1;Rtsm x2 pdf
1687,DT_Create;2;TD urg + imp feature create
1688,DT_Create;2;filter for task
1689,TD_DEL;62;IDEA Increment point with day for rt ;
1690,TD_DEL;48;Fft x1hr;
1691,RT_completed;0;Open GRL;
1692,UPDATE SCORE;40415;40435
1693,RT_completed;12;clean laptop ;
1694,UPDATE SCORE;40435;40485
1695,RT_completed;13;clean mouse keyboard;
1696,UPDATE SCORE;40485;40535
1697,RT_completed;9;GFG potd;
1698,UPDATE SCORE;40535;41035
1699,RT_completed;11;creativity exercise;
1700,UPDATE SCORE;41035;41535
1701,RT_UPDATE;10;Acad chmt x15 pg  ;Acad electronic x15 pg   ;150;
1702,WALK;20230331;458;
1703,UPDATE SCORE;41535;41993
1704,RT_UPDATE;1;Book reading 15 pages ;Book reading 25 pages  ;500;
1705,DT_Create;3;look for extra point activity
1706,DT_Create;1;Rtsm x1 pdf
1707,COMPLETED DT1;Rtsm x1 pdf;
1708,UPDATE SCORE;41993;42193
1709,TD_ADD;find pain points and note them in ideapad;
1710,COMPLETED DT3;look for extra point activity;
1711,UPDATE SCORE;42193;42493
1712,ET;ideapad;300;
1713,UPDATE SCORE;42493;42793
1714,TD_ADD;ideapad points;
1715,TD_ADD;incorporate access to Sheets in GRL;
1716,TD_completed;73;find pain points and note them in ideapad;50;
1717,UPDATE SCORE;42793;42843
1718,TD_ADD;documanation;
1719,TD_UPDATE;76;documanation;documanation GRL;
1720,TD_ADD;restructure grl a lot to scale IMPORTANT;
1721,COMPLETED DT2;filter for task;
1722,UPDATE SCORE;42843;43343
1723,RT_completed;10;Acad electronic x15 pg   ;
1724,UPDATE SCORE;43343;43493
1725,RT_UNDO;10;Acad electronic x15 pg   ;
1726,UPDATE SCORE;43493;43343
1727,RT_completed;1;Book reading 25 pages  ;
1728,UPDATE SCORE;43343;43843
1729,RT_completed;8;Call ;
1730,UPDATE SCORE;43843;44343
1731,TD_completed;70;vinod push extension code;91;
1732,UPDATE SCORE;44343;44434
1733,NEW DAY;20230402;DAILY CHARGE;
1734,RESET_DT;
1735,LAST SCORE;44434
1736,UPDATE SCORE;44434;43434
1737,RT_completed;0;Open GRL;
1738,UPDATE SCORE;43434;43454
1739,DT_Create;1;Rtsm x1 pdf
1740,DT_Create;2;Restructure TD code
1741,DT_Create;2;Restructure TD code amd document
1742,DT_Create;3;Look into drawing tool 
1743,RT_completed;6;Breakfast;
1744,UPDATE SCORE;43454;43754
1745,RT_completed;12;clean laptop ;
1746,UPDATE SCORE;43754;43804
1747,RT_completed;9;GFG potd;
1748,UPDATE SCORE;43804;44304
1749,RT_completed;13;clean mouse keyboard;
1750,UPDATE SCORE;44304;44354
1751,RT_completed;11;creativity exercise;
1752,UPDATE SCORE;44354;44854
1753,COMPLETED DT1;Rtsm x1 pdf;
1754,UPDATE SCORE;44854;45054
1755,TD_ADD;class song;
1756,TD_ADD;Laundry;
1757,ET;ideapad;100;
1758,UPDATE SCORE;45054;45154
1759,RT_completed;10;Acad electronic x15 pg   ;
1760,UPDATE SCORE;45154;45304
1761,DT_Create;2;Split grl class
1762,TD_ADD;Create api and flask structure;
1763,WALK;20230401;1028;
1764,UPDATE SCORE;45304;46332
1765,RT_completed;7;Varsity;
1766,UPDATE SCORE;46332;46832
1767,COMPLETED DT2;Split grl class;
1768,UPDATE SCORE;46832;47132
1769,RT_completed;8;Call ;
1770,UPDATE SCORE;47132;47632
1771,COMPLETED DT3;Look into drawing tool ;
1772,UPDATE SCORE;47632;48132
1773,UNDO DT3;Look into drawing tool ;
1774,UPDATE SCORE;48132;47632
1775,NEW DAY;20230403;DAILY CHARGE;
1776,RESET_DT;
1777,LAST SCORE;47632
1778,TD_ADD;Look into drawing tool ;
1779,UPDATE SCORE;47632;46632
1780,WALK;20230402;873;
1781,UPDATE SCORE;46632;47505
1782,DT_Create;1;Vnc meet
1783,DT_Create;3;Plan schedule
1784,ET;ideapad;600;
1785,UPDATE SCORE;47505;48105
1786,DT_Create;2;Revamp GRL
1787,RT_completed;0;Open GRL;
1788,UPDATE SCORE;48105;48125
1789,RT_completed;12;clean laptop ;
1790,UPDATE SCORE;48125;48175
1791,RT_completed;9;GFG potd;
1792,UPDATE SCORE;48175;48675
1793,RT_ADD;108 namokar;540;
1794,TD_ADD;seperate profiles in browser to do seperate work;
1795,COMPLETED DT2;Revamp GRL;
1796,UPDATE SCORE;48675;48875
1797,RT_completed;13;clean mouse keyboard;
1798,UPDATE SCORE;48875;48925
1799,TD_UPDATE;80;Create api and flask structure;Create flask structure ;
1800,TD_ADD;flask break in api;
1801,TD_ADD;khari sing ka packet;
1802,COMPLETED DT3;Plan schedule;
1803,UPDATE SCORE;48925;49225
1804,COMPLETED DT1;Vnc meet;
1805,UPDATE SCORE;49225;49725
1806,RT_completed;8;Call ;
1807,UPDATE SCORE;49725;50225
1808,NEW DAY;20230404;DAILY CHARGE;
1809,RESET_DT;
1810,LAST SCORE;50225
1811,UPDATE SCORE;50225;49225
1812,DT_Create;1;Vote
1813,DT_Create;2;Dsai asgn
1814,DT_Create;3;Dsai asgn
1815,RT_completed;0;Open GRL;
1816,UPDATE SCORE;49225;49245
1817,RT_completed;6;Breakfast;
1818,UPDATE SCORE;49245;49545
1819,WALK;20230403;736;
1820,UPDATE SCORE;49545;50281
1821,RT_completed;9;GFG potd;
1822,UPDATE SCORE;50281;50781
1823,RT_completed;12;clean laptop ;
1824,UPDATE SCORE;50781;50831
1825,RT_completed;13;clean mouse keyboard;
1826,UPDATE SCORE;50831;50881
1827,COMPLETED DT2;Dsai asgn;
1828,UPDATE SCORE;50881;51081
1829,COMPLETED DT1;Vote;
1830,UPDATE SCORE;51081;51381
1831,COMPLETED DT3;Dsai asgn;
1832,UPDATE SCORE;51381;51881
1833,TD_completed;80;Create flask structure ;108;
1834,UPDATE SCORE;51881;51989
1835,TD_completed;79;Laundry;197;
1836,UPDATE SCORE;51989;52186
1837,RT_completed;10;Acad electronic x15 pg   ;
1838,UPDATE SCORE;52186;52336
1839,NEW DAY;20230405;DAILY CHARGE;
1840,RESET_DT;
1841,LAST SCORE;52336
1842,UPDATE SCORE;52336;51336
1843,NEW DAY;20230406;DAILY CHARGE;
1844,RESET_DT;
1845,LAST SCORE;51336
1846,UPDATE SCORE;51336;50336
1847,RT_completed;0;Open GRL;
1848,UPDATE SCORE;50336;50356
1849,DT_Create;1;Blazer
1850,COMPLETED DT1;Blazer;
1851,UPDATE SCORE;50356;50556
1852,WALK;20230405;821;
1853,UPDATE SCORE;50556;51377
1854,RT_completed;14;108 namokar;
1855,UPDATE SCORE;51377;51917
1856,RT_completed;13;clean mouse keyboard;
1857,UPDATE SCORE;51917;51967
1858,RT_completed;12;clean laptop ;
1859,UPDATE SCORE;51967;52017
1860,RT_completed;9;GFG potd;
1861,UPDATE SCORE;52017;52517
1862,DT_Create;2;Get API all create
1863,DT_Create;3;Rtsm x1 pdf
1864,RT_completed;6;Breakfast;
1865,UPDATE SCORE;52517;52817
1866,RT_ADD;ping ms seniors;100;
1867,TD_ADD;piyush lab;
1868,DT_Create;2;pOST api ALL
1869,COMPLETED DT3;Rtsm x1 pdf;
1870,UPDATE SCORE;52817;53117
1871,RT_completed;11;creativity exercise;
1872,UPDATE SCORE;53117;53617
1873,RT_completed;8;Call ;
1874,UPDATE SCORE;53617;54117
1875,NEW DAY;20230407;DAILY CHARGE;
1876,RESET_DT;
1877,LAST SCORE;54117
1878,TD_ADD;pOST api ALL;
1879,UPDATE SCORE;54117;53117
1880,RT_completed;0;Open GRL;
1881,UPDATE SCORE;53117;53137
1882,WALK;20230406;1096;
1883,UPDATE SCORE;53137;54233
1884,DT_Create;1;class song
1885,DT_Create;2;anova close
1886,DT_Create;3;pOST api ALL
1887,TD_DEL;86;pOST api ALL;
1888,RT_completed;9;GFG potd;
1889,UPDATE SCORE;54233;54733
1890,RT_completed;6;Breakfast;
1891,UPDATE SCORE;54733;55033
1892,RT_completed;12;clean laptop ;
1893,UPDATE SCORE;55033;55083
1894,RT_completed;13;clean mouse keyboard;
1895,UPDATE SCORE;55083;55133
1896,ET;bath;270;
1897,UPDATE SCORE;55133;55403
1898,COMPLETED DT1;class song;
1899,UPDATE SCORE;55403;55603
1900,NEW DAY;20230408;DAILY CHARGE;
1901,RESET_DT;
1902,LAST SCORE;55603
1903,TD_ADD;anova close;
1904,TD_ADD;pOST api ALL;
1905,UPDATE SCORE;55603;54603
1906,RT_completed;0;Open GRL;
1907,UPDATE SCORE;54603;54623
1908,WALK;20230407;995;
1909,UPDATE SCORE;54623;55618
1910,RT_completed;6;Breakfast;
1911,UPDATE SCORE;55618;55918
1912,RT_completed;13;clean mouse keyboard;
1913,UPDATE SCORE;55918;55968
1914,RT_completed;12;clean laptop ;
1915,UPDATE SCORE;55968;56018
1916,RT_completed;9;GFG potd;
1917,UPDATE SCORE;56018;56518
1918,DT_Create;1;pOST api ALL
1919,DT_Create;2;anova close
1920,TD_DEL;86;anova close;
1921,DT_Create;3;vivek vnc
1922,COMPLETED DT1;pOST api ALL;
1923,UPDATE SCORE;56518;56718
1924,COMPLETED DT3;vivek vnc;
1925,UPDATE SCORE;56718;57018
1926,RT_completed;11;creativity exercise;
1927,UPDATE SCORE;57018;57518
1928,TD_completed;78;class song;50;
1929,UPDATE SCORE;57518;57568
1930,RT_completed;1;Book reading 25 pages  ;
1931,UPDATE SCORE;57568;58068
1932,ET;Bath;150;
1933,UPDATE SCORE;58068;58218
1934,NEW DAY;20230409;DAILY CHARGE;
1935,RESET_DT;
1936,LAST SCORE;58218
1937,TD_ADD;anova close;
1938,UPDATE SCORE;58218;57218
1939,WALK;20230408;650;
1940,UPDATE SCORE;57218;57868
1941,DT_Create;1;vnc
1942,DT_Create;2;backend shift
1943,RT_completed;0;Open GRL;
1944,UPDATE SCORE;57868;57888
1945,RT_completed;6;Breakfast;
1946,UPDATE SCORE;57888;58188
1947,RT_completed;12;clean laptop ;
1948,UPDATE SCORE;58188;58238
1949,RT_completed;13;clean mouse keyboard;
1950,UPDATE SCORE;58238;58288
1951,RT_completed;9;GFG potd;
1952,UPDATE SCORE;58288;58788
